brand,models,test photos,photo accuracy,balanced photo accuracy,test cars,car accuracy
Audi,33,17354,0.46387000115247207,0.5270194952025508,2773,0.6224305805986297
BMW,27,13402,0.6449783614385912,0.6499505032921417,2126,0.8490122295390404
Land Rover,12,4385,0.7217787913340935,0.6929912376592374,949,0.8493150684931506
Mercedes-Benz,22,5938,0.7185921185584372,0.7177826036396698,945,0.8740740740740741
Porsche,8,3693,0.7143243975088004,0.7468710872763615,591,0.8798646362098139
Lexus,13,1626,0.7404674046740467,0.7154868783356771,279,0.8853046594982079
Citroen,20,6491,0.8226775535356647,0.7839601217787756,1169,0.9341317365269461
Volkswagen,25,11261,0.809874789095107,0.8029729792215882,1909,0.9402828706128863
Maserati,4,439,0.8656036446469249,0.8562358720222569,70,0.9428571428571428
Renault,13,4420,0.8481900452488688,0.8367169090954907,746,0.9490616621983914
Volvo,15,4930,0.8168356997971602,0.8047576573671551,820,0.9536585365853658
SKODA,10,3733,0.8545405839807125,0.8486657897331789,675,0.96
Vauxhall,19,11435,0.8543944031482291,0.8807673117850852,1954,0.9662231320368475
Fiat,13,4343,0.8494128482615704,0.8654770992740618,764,0.9672774869109948
Ford,20,16626,0.8379044869481534,0.8582858112757897,2795,0.9706618962432916
Peugeot,22,6300,0.8546031746031746,0.8311991408918149,1060,0.9726415094339622
Jaguar,11,5745,0.8600522193211488,0.802296869284903,977,0.9733879222108496
Nissan,16,8101,0.8876681891124553,0.8730146830833468,1455,0.9738831615120275
Mazda,8,3637,0.8949683805334067,0.8762644495319996,670,0.9761194029850746
Jeep,4,709,0.8801128349788434,0.8693241632052142,173,0.976878612716763
Bentley,3,949,0.9536354056902002,0.9118396552689418,130,0.9769230769230769
SEAT,9,2154,0.8895078922934077,0.8498299752115349,338,0.9792899408284024
MINI,7,2090,0.7722488038277512,0.7698292397910214,322,0.9813664596273292
Suzuki,9,1318,0.9195751138088012,0.9194440724598528,274,0.9817518248175182
Kia,13,5024,0.871218152866242,0.873428523350574,880,0.9829545454545454
Subaru,5,786,0.8778625954198473,0.8583484293555104,134,0.9850746268656716
Mitsubishi,8,1759,0.9277998862990335,0.930575247770292,338,0.985207100591716
Dacia,4,1147,0.9058413251961639,0.8619278341203019,207,0.9855072463768116
Honda,9,3382,0.9237137788290952,0.8884427341306473,555,0.9855855855855856
Toyota,17,5317,0.8890351702087643,0.8775372159902246,1022,0.987279843444227
Hyundai,13,3670,0.8885558583106267,0.8887814308138806,652,0.9877300613496932
Alfa Romeo,5,825,0.9357575757575758,0.924231542204358,134,0.9925373134328358
Chevrolet,4,381,0.952755905511811,0.9568247612602452,66,1.0
