accuracy,loss,val_accuracy,val_loss,learning_rate
0.6419106721878052,1.8609511852264404,0.818985641002655,0.942592442035675,
0.782243013381958,1.1172425746917725,0.8455121517181396,0.7422578930854797,
0.8083073496818542,0.9277793169021606,0.8817150592803955,0.5731645822525024,
0.8528348803520203,0.6403584480285645,0.9647981524467468,0.13749226927757263,9.999999747378752e-05
0.9500311613082886,0.20037400722503662,0.9748081564903259,0.09448640048503876,9.999999747378752e-05
0.9657736420631409,0.1302071213722229,0.9808141589164734,0.06985285878181458,9.999999747378752e-05
0.9734787344932556,0.09625794738531113,0.9836503267288208,0.06169958785176277,9.999999747378752e-05
0.9776739478111267,0.07725708931684494,0.9851518273353577,0.057895466685295105,9.999999747378752e-05
0.9799169301986694,0.06994717568159103,0.9844844937324524,0.055538758635520935,9.999999747378752e-05
0.9826168417930603,0.057762764394283295,0.9879879951477051,0.04230862110853195,9.999999747378752e-05
0.9843406081199646,0.04906870052218437,0.9881548285484314,0.04901934787631035,9.999999747378752e-05
0.9861682057380676,0.042251817882061005,0.9874874949455261,0.04865410923957825,9.999999747378752e-05
0.9892627000808716,0.033057328313589096,0.9901568293571472,0.04198864474892616,2.9999999242136255e-05
0.99073725938797,0.025710532441735268,0.9906573295593262,0.04213307797908783,2.9999999242136255e-05
0.9911526441574097,0.025650877505540848,0.9908241629600525,0.03953826054930687,2.9999999242136255e-05
0.9913395643234253,0.02526162937283516,0.9914914965629578,0.03575301170349121,2.9999999242136255e-05
0.9917134046554565,0.023770716041326523,0.9918251633644104,0.035756275057792664,2.9999999242136255e-05
0.9918587803840637,0.02367977239191532,0.9913246631622314,0.03596712648868561,2.9999999242136255e-05
0.9923779964447021,0.021380776539444923,0.9916583299636841,0.035732995718717575,8.999999408842996e-06
0.9931879639625549,0.019780585542321205,0.9918251633644104,0.03525163233280182,8.999999408842996e-06
0.9928972125053406,0.021199489012360573,0.9916583299636841,0.03538919985294342,8.999999408842996e-06
0.9926272034645081,0.019885478541254997,0.992158830165863,0.03497595340013504,8.999999408842996e-06
0.9939356446266174,0.01909531280398369,0.9919919967651367,0.034922122955322266,8.999999408842996e-06
